ID,Query Type,Query Text,Response Text,Phone Number,Telegram User ID,Created At
42,hi,Hi,"🏫 **Welcome to College Virtual Assistant!**

📋 **Visitor Service Mode**

📌 **General Information:**
1. Admission Process - Admission requirements and procedure
2. Courses & Fees - Available courses and fee structure
3. Faculty Details - Faculty directory and information
4. Facilities - Campus facilities and infrastructure
5. Contact Info - Reception and contact details
6. Help - Show this menu

📞 **Reception Contact:**
📱 Phone: +91-12345-67890
📧 Email: info@college.edu
🕐 Office Hours: 9:00 AM - 5:00 PM

🎓 **Students:** To access personalized services,
Type: `EDU25001`
or
Share your phone number using the button below
📱 [Share Phone Number]

Simply type a number (1-6) or keyword to get started!",visitor_5683908046,,2026-05-05T03:28:33.171796
43,hello,hello,"🏫 **Welcome to College Virtual Assistant!**

📋 **Visitor Service Mode**

📌 **General Information:**
1. Admission Process - Admission requirements and procedure
2. Courses & Fees - Available courses and fee structure
3. Faculty Details - Faculty directory and information
4. Facilities - Campus facilities and infrastructure
5. Contact Info - Reception and contact details
6. Help - Show this menu

📞 **Reception Contact:**
📱 Phone: +91-12345-67890
📧 Email: info@college.edu
🕐 Office Hours: 9:00 AM - 5:00 PM

🎓 **Students:** To access personalized services,
Type: `EDU25001`
or
Share your phone number using the button below
📱 [Share Phone Number]

Simply type a number (1-6) or keyword to get started!",visitor_5683908046,,2026-05-05T03:53:19.349559
44,hello,hello,"🏫 **Welcome to College Virtual Assistant!**

📋 **Visitor Service Mode**

📌 **General Information:**
1. Admission Process - Admission requirements and procedure
2. Courses & Fees - Available courses and fee structure
3. Faculty Details - Faculty directory and information
4. Facilities - Campus facilities and infrastructure
5. Contact Info - Reception and contact details
6. Help - Show this menu

📞 **Reception Contact:**
📱 Phone: +91-12345-67890
📧 Email: info@college.edu
🕐 Office Hours: 9:00 AM - 5:00 PM

🎓 **Students:** To access personalized services,
Type: `EDU25001`
or
Share your phone number using the button below
📱 [Share Phone Number]

Simply type a number (1-6) or keyword to get started!",visitor_5683908046,,2026-05-05T03:53:41.818973
